PracticeImage,ImageCategory,SoundFile,CorrectAns,n,blank_1second.started_mean,blank_1second.started_raw,blank_1second.started_std,blank_1second.stopped_raw,practice_reac_image.started_mean,practice_reac_image.started_raw,practice_reac_image.started_std,practice_reac_image.stopped_raw,practice_reac_keys.corr_mean,practice_reac_keys.corr_raw,practice_reac_keys.corr_std,practice_reac_keys.keys_raw,practice_reac_keys.rt_raw,practice_reac_keys.started_mean,practice_reac_keys.started_raw,practice_reac_keys.started_std,practice_reac_keys.stopped_raw,practice_reac_sound.started_mean,practice_reac_sound.started_raw,practice_reac_sound.started_std,practice_reac_sound.stopped_raw,order
images/7041.jpg,Neutral,sounds/low 1 second.wav,num_1,1.0,119.32875061035156,119.32875061035156,0.0,,113.37964630126953,113.37964630126953,0.0,,0.0,0.0,0.0,num_1,1.9455453800019313,113.37964630126953,113.37964630126953,0.0,,113.37964630126953,113.37964630126953,0.0,,2.0
images/7042.jpg,Neutral,sounds/low 4 second.wav,num_1,1.0,112.33816528320312,112.33816528320312,0.0,,106.39277648925781,106.39277648925781,0.0,,0.0,0.0,0.0,num_1,5.1618867537890765,106.39277648925781,106.39277648925781,0.0,,106.39277648925781,106.39277648925781,0.0,,1.0
images/7053.jpg,Neutral,sounds/high 1 second.wav,num_2,1.0,126.33544158935547,126.33544158935547,0.0,,120.37056732177734,120.37056732177734,0.0,,0.0,0.0,0.0,num_2,1.7282662420839188,120.37056732177734,120.37056732177734,0.0,,120.37056732177734,120.37056732177734,0.0,,3.0
images/7059.jpg,Neutral,sounds/high 4 second.wav,num_2,1.0,105.34789276123047,105.34789276123047,0.0,,99.3922119140625,99.3922119140625,0.0,,0.0,0.0,0.0,num_1,num_1,1.1183166277505734,5.339856417825104,99.3922119140625,99.3922119140625,0.0,,99.3922119140625,99.3922119140625,0.0,,0.0

extraInfo
participant,779
session,001
date,2019_May_06_1025
expName,MAER M R1 P1 v1
psychopyVersion,3.1.0
frameRate,59.94943763543904
