PracticeImage,ImageCategory,SoundFile,CorrectAns,n,blank_1second.started_mean,blank_1second.started_raw,blank_1second.started_std,blank_1second.stopped_raw,practice_reac_image.started_mean,practice_reac_image.started_raw,practice_reac_image.started_std,practice_reac_image.stopped_raw,practice_reac_keys.corr_mean,practice_reac_keys.corr_raw,practice_reac_keys.corr_std,practice_reac_keys.keys_raw,practice_reac_keys.rt_raw,practice_reac_keys.started_mean,practice_reac_keys.started_raw,practice_reac_keys.started_std,practice_reac_keys.stopped_raw,practice_reac_sound.started_mean,practice_reac_sound.started_raw,practice_reac_sound.started_std,practice_reac_sound.stopped_raw,order
images/7041.jpg,Neutral,sounds/low 1 second.wav,num_1,1.0,128.99444580078125,128.99444580078125,0.0,,123.03695678710938,123.03695678710938,0.0,,0.0,0.0,0.0,num_1,1.5705689292692568,123.03695678710938,123.03695678710938,0.0,,123.03695678710938,123.03695678710938,0.0,,3.0
images/7042.jpg,Neutral,sounds/low 4 second.wav,num_1,1.0,108.02326965332031,108.02326965332031,0.0,,102.09133911132812,102.09133911132812,0.0,,0.0,0.0,0.0,num_1,5.065420841559899,102.09133911132812,102.09133911132812,0.0,,102.09133911132812,102.09133911132812,0.0,,0.0
images/7053.jpg,Neutral,sounds/high 1 second.wav,num_2,1.0,115.01382446289062,115.01382446289062,0.0,,109.06139373779297,109.06139373779297,0.0,,0.0,0.0,0.0,num_2,1.4991435127665227,109.06139373779297,109.06139373779297,0.0,,109.06139373779297,109.06139373779297,0.0,,1.0
images/7059.jpg,Neutral,sounds/high 4 second.wav,num_2,1.0,122.00402069091797,122.00402069091797,0.0,,116.04601287841797,116.04601287841797,0.0,,0.0,0.0,0.0,num_2,4.473766191154255,116.04601287841797,116.04601287841797,0.0,,116.04601287841797,116.04601287841797,0.0,,2.0

extraInfo
participant,845
session,001
date,2019_May_02_1542
expName,MAER M R1 P1 v1
psychopyVersion,3.1.0
frameRate,59.840138806461916
